City_ID,City,Country,Date,Lat,Lng,Max Temp,Humidity,Cloudiness,Wind Speed
0,Albany,US,2022-02-06 07:17:57,42.6001,-73.9662,7.27,76,8,2.89
1,Faanui,PF,2022-02-06 07:20:28,-16.4833,-151.75,81.36,74,19,20.78
2,Vao,NC,2022-02-06 07:20:29,-22.6667,167.4833,80.85,85,33,9.15
3,Vaini,TO,2022-02-06 07:20:29,-21.2,-175.2,73.56,100,100,13.8
4,Busselton,AU,2022-02-06 07:19:00,-33.65,115.3333,70.95,76,99,20.56
5,Mataura,NZ,2022-02-06 07:20:30,-46.1927,168.8643,53.47,58,1,3.78
6,Cape Town,ZA,2022-02-06 07:19:08,-33.9258,18.4232,85.1,45,0,5.75
7,Saint Anthony,US,2022-02-06 07:20:30,45.0205,-93.218,21.13,86,0,0.0
8,Hobyo,SO,2022-02-06 07:20:31,5.3505,48.5268,80.73,55,5,14.85
9,Bredasdorp,ZA,2022-02-06 07:20:31,-34.5322,20.0403,81.28,73,71,5.75
10,Rikitea,PF,2022-02-06 07:18:55,-23.1203,-134.9692,79.09,71,57,17.0
11,Trelew,AR,2022-02-06 07:20:32,-43.249,-65.3051,60.6,44,100,9.1
12,Muyezerskiy,RU,2022-02-06 07:20:33,63.9333,31.65,17.64,93,100,9.04
13,Hilo,US,2022-02-06 07:20:33,19.7297,-155.09,71.33,89,100,0.0
14,Puerto Ayora,EC,2022-02-06 07:20:33,-0.7393,-90.3518,74.55,94,58,5.99
15,Cayenne,GF,2022-02-06 07:20:34,4.9333,-52.3333,80.1,85,75,5.01
16,Kapaa,US,2022-02-06 07:20:34,22.0752,-159.319,71.92,84,75,8.05
17,Hermanus,ZA,2022-02-06 07:18:55,-34.4187,19.2345,82.9,59,96,4.14
18,Aitape,PG,2022-02-06 07:20:35,-3.1374,142.3475,83.14,76,100,8.63
19,Bara,NG,2022-02-06 07:20:35,10.3744,10.7288,64.18,27,0,8.63
20,Dikson,RU,2022-02-06 07:19:05,73.5069,80.5464,-22.97,100,100,4.74
21,Leh,IN,2022-02-06 07:20:36,34.1667,77.5833,12.43,87,100,2.28
22,Lompoc,US,2022-02-06 07:20:37,34.6391,-120.4579,55.13,84,0,6.91
23,Quatre Cocos,MU,2022-02-06 07:17:23,-20.2078,57.7625,84.31,76,100,15.32
24,Kodiak,US,2022-02-06 07:20:37,57.79,-152.4072,38.71,81,100,8.05
25,San Andres,CO,2022-02-06 07:16:13,12.5847,-81.7006,78.82,78,40,8.05
26,College,US,2022-02-06 07:20:38,64.8569,-147.8028,5.58,81,100,0.0
27,Davila,PH,2022-02-06 07:20:38,18.4726,120.5763,87.78,68,75,19.1
28,Avarua,CK,2022-02-06 07:19:02,-21.2078,-159.775,77.05,83,75,8.05
29,Krasnyy Gulyay,RU,2022-02-06 07:20:39,54.0282,48.3333,22.59,94,100,6.11
30,Port Alfred,ZA,2022-02-06 07:20:39,-33.5906,26.891,75.97,75,3,26.19
31,Broome,US,2022-02-06 07:20:39,42.2506,-75.833,6.01,81,12,4.0
32,Kahului,US,2022-02-06 07:17:54,20.8947,-156.47,74.84,79,0,13.8
33,Tautira,PF,2022-02-06 07:20:40,-17.7333,-149.15,82.42,74,36,20.33
34,Lebu,CL,2022-02-06 07:16:41,-37.6167,-73.65,56.52,92,3,13.76
35,Nouadhibou,MR,2022-02-06 07:20:41,20.931,-17.0347,62.58,94,75,9.22
36,Bilma,NE,2022-02-06 07:20:41,18.6853,12.9164,55.51,23,0,7.2
37,Astoria,US,2022-02-06 07:20:41,46.1879,-123.8313,41.86,91,0,8.01
38,Saskylakh,RU,2022-02-06 07:20:42,71.9167,114.0833,-25.2,100,98,2.46
39,Ushuaia,AR,2022-02-06 07:18:53,-54.8,-68.3,44.26,70,0,5.75
40,Ribeira Grande,PT,2022-02-06 07:20:42,38.5167,-28.7,57.6,82,20,14.97
41,Atuona,PF,2022-02-06 07:20:13,-9.8,-139.0333,79.03,78,3,24.05
42,Naze,JP,2022-02-06 07:19:09,28.3667,129.4833,50.92,66,100,14.41
43,Kalmunai,LK,2022-02-06 07:20:43,7.4167,81.8167,82.4,55,38,9.33
44,Mubi,NG,2022-02-06 07:20:44,10.2676,13.2644,68.65,18,0,2.8
45,Ponta Do Sol,PT,2022-02-06 07:21:44,32.6667,-17.1,65.12,53,39,14.07
46,Cockburn Town,TC,2022-02-06 07:21:12,21.4612,-71.1419,75.76,66,0,16.13
47,Kijang,KR,2022-02-06 07:21:45,35.2442,129.2139,42.53,37,100,14.36
48,Poplar Bluff,US,2022-02-06 07:21:45,36.757,-90.3929,24.58,79,0,0.0
49,Nikolskoye,RU,2022-02-06 07:21:46,59.7035,30.7861,26.49,97,89,5.48
50,Amuntai,ID,2022-02-06 07:21:46,-2.4177,115.2494,86.5,66,47,2.44
51,East London,ZA,2022-02-06 07:21:47,-33.0153,27.9116,76.14,78,20,13.8
52,Katherine,AU,2022-02-06 07:21:47,-14.4667,132.2667,80.92,83,74,11.5
53,Malanje,AO,2022-02-06 07:21:47,-9.5402,16.341,66.67,91,100,5.01
54,Punta Arenas,CL,2022-02-06 07:17:40,-53.15,-70.9167,44.71,87,40,3.44
55,Palmer,US,2022-02-06 07:21:48,42.1584,-72.3287,14.61,77,12,1.21
56,Jishou,CN,2022-02-06 07:21:48,28.3167,109.7167,36.55,91,100,5.68
57,Caravelas,BR,2022-02-06 07:21:49,-17.7125,-39.2481,74.17,92,100,3.47
58,Nome,US,2022-02-06 07:17:30,64.5011,-165.4064,-5.73,65,0,3.44
59,Watertown,US,2022-02-06 07:21:49,42.3709,-71.1828,16.14,61,0,1.01
60,Dunedin,NZ,2022-02-06 07:21:50,-45.8742,170.5036,51.96,68,50,2.77
61,Viedma,AR,2022-02-06 07:20:27,-40.8135,-62.9967,52.74,75,0,3.94
62,Clyde River,CA,2022-02-06 07:21:50,70.4692,-68.5914,-36.17,67,0,3.44
63,Zwedru,LR,2022-02-06 07:21:51,6.0667,-8.1281,70.81,97,76,0.87
64,Bluff,NZ,2022-02-06 07:18:53,-46.6,168.3333,53.8,62,0,10.09
65,Kirchlinteln,DE,2022-02-06 07:21:51,52.95,9.3167,45.95,90,100,22.97
66,Bambous Virieux,MU,2022-02-06 07:18:54,-20.3428,57.7575,84.45,74,75,18.41
67,Voyinka,UA,2022-02-06 07:21:52,45.8699,33.9914,35.17,84,99,14.79
68,Khatanga,RU,2022-02-06 07:19:03,71.9667,102.5,-20.43,98,99,7.63
69,Chinique,GT,2022-02-06 07:21:53,15.0447,-91.0258,55.06,97,100,3.6
70,Marsaxlokk,MT,2022-02-06 07:21:53,35.8419,14.5431,58.08,88,20,10.36
71,Saint-Georges,GD,2022-02-06 07:21:54,12.0564,-61.7485,75.76,85,41,10.96
72,Cherskiy,RU,2022-02-06 07:21:55,68.75,161.3,-29.65,100,18,2.44
73,Port Elizabeth,ZA,2022-02-06 07:18:51,-33.918,25.5701,79.11,83,20,16.11
74,Hobart,AU,2022-02-06 07:17:33,-42.8794,147.3294,70.27,54,20,9.22
75,Bengkulu,ID,2022-02-06 07:21:55,-3.8004,102.2655,81.84,69,100,10.87
76,Caramay,PH,2022-02-06 07:21:56,10.1815,119.236,82.35,70,100,14.74
77,Lazaro Cardenas,MX,2022-02-06 07:21:56,17.9583,-102.2,70.86,82,0,3.06
78,Flin Flon,CA,2022-02-06 07:21:57,54.7682,-101.865,-8.05,100,96,3.09
79,Tilichiki,RU,2022-02-06 07:21:57,60.4667,166.1,-9.22,83,0,8.19
80,Luderitz,NA,2022-02-06 07:21:58,-26.6481,15.1594,68.05,81,54,4.54
81,Sao Filipe,CV,2022-02-06 07:21:58,14.8961,-24.4956,71.46,72,0,10.45
82,Geraldton,AU,2022-02-06 07:21:59,-28.7667,114.6,79.21,53,40,17.27
83,Beringovskiy,RU,2022-02-06 07:21:59,63.05,179.3167,-13.47,97,52,11.41
84,Grand Gaube,MU,2022-02-06 07:22:00,-20.0064,57.6608,84.6,74,100,11.99
85,Nacala,MZ,2022-02-06 07:22:00,-14.5428,40.6728,85.32,56,20,11.81
86,Torbay,CA,2022-02-06 07:22:01,47.6666,-52.7314,27.75,94,100,27.63
87,Esperance,AU,2022-02-06 07:22:01,-33.8667,121.9,107.44,36,4,11.56
88,Tecate,MX,2022-02-06 07:20:48,32.5667,-116.6333,55.99,32,5,5.97
89,Strathmore,CA,2022-02-06 07:22:12,51.0501,-113.3852,30.34,80,71,10.36
90,Oriximina,BR,2022-02-06 07:21:49,-1.7656,-55.8661,72.95,96,100,3.13
91,Georgetown,MY,2022-02-06 07:20:05,5.4112,100.3354,89.55,66,20,6.91
92,Price,US,2022-02-06 07:23:02,39.5994,-110.8107,34.86,47,0,12.66
93,Butaritari,KI,2022-02-06 07:23:03,3.0707,172.7902,82.53,75,100,16.62
94,Tasiilaq,GL,2022-02-06 07:23:03,65.6145,-37.6368,10.56,64,100,6.91
95,Tres Arroyos,AR,2022-02-06 07:23:04,-38.3739,-60.2798,57.09,65,100,11.9
96,Zhezkazgan,KZ,2022-02-06 07:23:04,47.8043,67.7144,15.78,73,20,20.13
97,Napasar,IN,2022-02-06 07:23:04,27.9667,73.55,74.19,21,0,10.69
98,Kita,ML,2022-02-06 07:23:05,13.0349,-9.4895,65.41,15,0,4.68
99,Sept-Iles,CA,2022-02-06 07:23:01,50.2001,-66.3821,-0.94,56,0,5.99
100,Adwa,ET,2022-02-06 07:23:05,14.1646,38.8955,69.84,35,13,0.38
101,Zarubino,RU,2022-02-06 07:23:06,42.63,131.0922,21.33,41,13,15.75
102,Cidreira,BR,2022-02-06 07:23:06,-30.1811,-50.2056,71.67,92,8,8.16
103,Saint-Pierre,RE,2022-02-06 07:23:07,-21.3393,55.4781,85.68,66,0,10.36
104,Vila Velha,BR,2022-02-06 07:23:07,-20.3297,-40.2925,74.95,88,0,5.75
105,Tuatapere,NZ,2022-02-06 07:19:01,-46.1333,167.6833,53.82,61,1,5.48
106,Cantapoy,PH,2022-02-06 07:23:08,9.4906,125.4364,81.68,76,14,15.23
107,Tooele,US,2022-02-06 07:23:08,40.5308,-112.2983,31.08,93,0,3.44
108,Chifeng,CN,2022-02-06 07:23:09,42.2683,118.9636,26.08,39,5,16.4
109,Buala,SB,2022-02-06 07:23:09,-8.145,159.5921,83.07,80,23,8.61
110,Marawi,PH,2022-02-06 07:23:09,7.9986,124.2928,73.65,75,79,8.19
111,Moose Factory,CA,2022-02-06 07:23:10,51.2585,-80.6094,-13.0,70,100,5.75
112,Conde,BR,2022-02-06 07:23:10,-7.2597,-34.9075,72.86,94,75,3.44
113,Bratsk,RU,2022-02-06 07:23:11,56.1325,101.6142,19.89,87,100,9.66
114,Simao,CN,2022-02-06 07:23:11,22.7886,100.9748,61.56,82,49,7.92
115,Formosa,AR,2022-02-06 07:21:06,-26.1775,-58.1781,67.98,73,0,8.05
116,Tessalit,ML,2022-02-06 07:23:12,20.1986,1.0114,57.34,18,9,9.71
117,Bubaque,GW,2022-02-06 07:23:12,11.2833,-15.8333,77.52,61,3,7.47
118,Jamestown,US,2022-02-06 07:23:12,42.097,-79.2353,13.71,87,40,6.91
119,Bud,US,2022-02-06 07:23:13,39.447,-86.1758,15.91,94,11,6.89
120,Longyearbyen,SJ,2022-02-06 07:21:15,78.2186,15.6401,15.64,67,40,12.66
121,Isangel,VU,2022-02-06 07:23:13,-19.55,169.2667,80.29,89,100,14.47
122,Inhambane,MZ,2022-02-06 07:23:06,-23.865,35.3833,79.5,78,63,18.01
123,Linxia,CN,2022-02-06 07:23:14,35.6003,103.2064,20.86,68,96,4.45
124,Monticello,US,2022-02-06 07:23:14,45.3055,-93.7941,21.42,92,75,0.0
125,Jackson,US,2022-02-06 07:23:15,42.4165,-122.8345,41.99,77,0,4.61
126,Altay,CN,2022-02-06 07:23:15,47.8667,88.1167,20.73,70,0,1.54
127,Eresos,GR,2022-02-06 07:23:16,39.1667,25.9333,45.91,69,95,5.95
128,Castro,BR,2022-02-06 07:23:16,-24.7911,-50.0119,61.7,98,88,4.5
129,Yenagoa,NG,2022-02-06 07:23:17,4.9247,6.2642,77.47,82,6,0.22
130,Ancud,CL,2022-02-06 07:23:17,-41.8697,-73.8203,54.93,91,54,3.69
131,Grand Island,US,2022-02-06 07:22:30,40.925,-98.342,33.3,57,20,4.61
132,Maniitsoq,GL,2022-02-06 07:23:18,65.4167,-52.9,1.56,92,100,8.14
133,Hovd,MN,2022-02-06 07:23:18,48.0056,91.6419,-3.96,84,11,3.98
134,Sioux Lookout,CA,2022-02-06 07:23:19,50.1001,-91.917,5.38,85,100,2.3
135,Port Hawkesbury,CA,2022-02-06 07:24:19,45.6169,-61.3485,17.19,88,100,19.57
136,Binzhou,CN,2022-02-06 07:24:19,37.3667,118.0167,39.42,22,100,5.01
137,Bongandanga,CD,2022-02-06 07:24:20,1.5,21.05,79.88,38,100,1.01
138,Barrow,US,2022-02-06 07:24:20,71.2906,-156.7887,-18.38,69,100,8.05
139,Makakilo City,US,2022-02-06 07:24:21,21.3469,-158.0858,73.72,70,0,4.61
140,Arraial Do Cabo,BR,2022-02-06 07:24:21,-22.9661,-42.0278,75.13,90,73,23.2
141,Kurchum,KZ,2022-02-06 07:24:21,48.5722,83.6542,29.82,45,0,22.77
142,Batemans Bay,AU,2022-02-06 07:24:22,-35.7167,150.1833,69.19,70,29,11.45
143,Upernavik,GL,2022-02-06 07:18:57,72.7868,-56.1549,-2.36,97,100,4.76
144,Severo-Kurilsk,RU,2022-02-06 07:24:22,50.6789,156.125,27.93,78,100,20.27
145,Moron,AR,2022-02-06 07:24:23,-34.6534,-58.6198,58.75,86,17,8.61
146,Airai,TL,2022-02-06 07:20:15,-8.9266,125.4092,71.64,74,72,3.18
147,Commerce,US,2022-02-06 07:24:24,34.0006,-118.1598,64.53,52,0,0.0
148,Vaasa,FI,2022-02-06 07:24:24,63.096,21.6158,27.28,93,75,12.66
149,Amapa,BR,2022-02-06 07:24:24,1.0,-52.0,70.43,100,100,1.25
150,Vostok,RU,2022-02-06 07:24:25,46.4856,135.8833,1.49,90,100,6.04
151,Haines Junction,CA,2022-02-06 07:24:25,60.7522,-137.5108,24.75,100,100,1.14
152,Nemuro,JP,2022-02-06 07:24:26,43.3236,145.575,25.23,65,84,24.02
153,Barcelos,PT,2022-02-06 07:24:26,41.5388,-8.6151,46.92,76,37,4.92
154,Alofi,NU,2022-02-06 07:24:26,-19.0595,-169.9187,73.29,94,100,1.14
155,Christchurch,NZ,2022-02-06 07:20:32,-43.5333,172.6333,59.92,70,100,1.99
156,Kozhva,RU,2022-02-06 07:24:27,65.1073,57.0459,1.81,91,32,3.85
157,Yaring,TH,2022-02-06 07:24:27,6.8662,101.3689,86.04,66,41,15.59
158,Thompson,CA,2022-02-06 07:24:05,55.7435,-97.8558,-27.24,75,0,4.61
159,Show Low,US,2022-02-06 07:24:28,34.2542,-110.0298,30.15,40,0,6.91
160,Mayya,RU,2022-02-06 07:24:29,61.7333,130.2811,-23.69,98,100,2.28
161,Hithadhoo,MV,2022-02-06 07:19:01,-0.6,73.0833,82.58,72,9,11.21
162,Bitung,ID,2022-02-06 07:24:29,1.4451,125.1824,88.65,76,92,12.24
163,Glarus,CH,2022-02-06 07:24:30,47.0406,9.068,36.95,64,100,4.63
164,Hofn,IS,2022-02-06 07:24:30,64.2539,-15.2082,32.81,67,100,18.59
165,Vilyuysk,RU,2022-02-06 07:24:31,63.7553,121.6247,-13.67,99,53,3.62
166,Tiksi,RU,2022-02-06 07:24:31,71.6872,128.8694,-22.52,99,99,5.17
167,Nuuk,GL,2022-02-06 07:24:31,64.1835,-51.7216,7.41,61,75,10.36
168,Sao Jose Da Coroa Grande,BR,2022-02-06 07:24:32,-8.8978,-35.1478,77.41,75,85,5.21
169,Den Helder,NL,2022-02-06 07:24:32,52.9599,4.7593,48.97,88,75,28.01
170,Qaanaaq,GL,2022-02-06 07:19:02,77.484,-69.3632,-3.77,94,100,4.09
171,Kalagarh,IN,2022-02-06 07:24:33,29.5,78.75,64.62,51,3,4.76
172,Gizo,SB,2022-02-06 07:24:33,-8.103,156.8419,86.13,72,98,11.68
173,Korla,CN,2022-02-06 07:24:34,41.7597,86.1469,30.38,32,83,8.14
174,Kenora,CA,2022-02-06 07:24:34,49.8167,-94.4337,6.78,85,100,4.61
175,Tommot,RU,2022-02-06 07:24:35,58.9564,126.2925,2.84,94,96,1.19
176,Flinders,AU,2022-02-06 07:24:35,-34.5833,150.8552,73.2,72,67,14.58
177,Tuktoyaktuk,CA,2022-02-06 07:24:35,69.4541,-133.0374,-20.76,100,100,8.86
178,Juneau,US,2022-02-06 07:20:15,58.3019,-134.4197,37.4,95,100,11.99
179,Necochea,AR,2022-02-06 07:21:22,-38.5473,-58.7368,58.03,80,100,21.54
180,Souillac,MU,2022-02-06 07:24:36,-20.5167,57.5167,84.58,74,75,18.41
181,Saint-Philippe,RE,2022-02-06 07:25:37,-21.3585,55.7679,85.59,78,100,20.45
182,New Norfolk,AU,2022-02-06 07:19:03,-42.7826,147.0587,69.91,40,0,3.0
183,Padang,ID,2022-02-06 07:23:51,-0.9492,100.3543,89.65,76,100,2.08
184,Vestmannaeyjar,IS,2022-02-06 07:25:37,63.4427,-20.2734,30.96,72,26,23.33
185,Hamilton,US,2022-02-06 07:25:30,39.1834,-84.5333,18.0,90,0,0.0
186,Sebinkarahisar,TR,2022-02-06 07:25:38,40.2883,38.4236,14.68,85,47,0.51
187,Goderich,CA,2022-02-06 07:25:38,43.7501,-81.7165,18.91,79,100,16.11
188,Chokurdakh,RU,2022-02-06 07:25:39,70.6333,147.9167,-34.82,100,100,2.33
189,Mar Del Plata,AR,2022-02-06 07:19:11,-38.0023,-57.5575,58.08,95,75,1.99
190,Provideniya,RU,2022-02-06 07:25:39,64.3833,-173.3,-3.24,73,0,13.31
191,Hualmay,PE,2022-02-06 07:25:40,-11.0964,-77.6139,68.49,86,94,7.0
192,Wajima,JP,2022-02-06 07:25:40,37.4,136.9,30.88,86,75,4.61
193,Taoudenni,ML,2022-02-06 07:25:41,22.6783,-3.9836,61.72,15,96,9.31
194,Bacolod,PH,2022-02-06 07:25:41,10.6667,122.95,83.89,66,92,16.62
195,Manzanillo,CU,2022-02-06 07:25:41,20.3433,-77.1167,68.59,89,5,6.93
196,Zhigansk,RU,2022-02-06 07:24:04,66.7697,123.3711,-24.54,99,92,5.39
197,Cam Ranh,VN,2022-02-06 07:25:42,11.9214,109.1591,71.56,94,75,10.36
198,Cao Bang,VN,2022-02-06 07:25:43,22.6667,106.25,52.39,94,100,1.86
199,Bonavista,CA,2022-02-06 07:25:43,48.6499,-53.1147,24.12,94,100,37.94
200,Laguna,US,2022-02-06 07:20:15,38.421,-121.4238,52.77,80,0,1.01
201,Erenhot,CN,2022-02-06 07:25:44,43.6475,111.9767,14.79,69,0,11.23
202,Port Augusta,AU,2022-02-06 07:25:44,-32.5,137.7667,92.71,15,15,13.4
203,Fallon,US,2022-02-06 07:25:44,39.4735,-118.7774,24.67,58,0,6.91
204,Nanortalik,GL,2022-02-06 07:25:45,60.1432,-45.2371,11.19,53,100,11.59
205,Kavieng,PG,2022-02-06 07:25:45,-2.5744,150.7967,83.35,75,99,9.64
206,Tocopilla,CL,2022-02-06 07:25:46,-22.092,-70.1979,67.5,75,34,0.63
207,Avera,US,2022-02-06 07:25:46,33.194,-82.5271,37.27,47,0,9.55
208,Wucheng,CN,2022-02-06 07:25:47,29.6008,118.175,41.63,66,100,4.7
209,Port-Gentil,GA,2022-02-06 07:25:47,-0.7193,8.7815,80.56,89,40,4.61
210,Bisira,PA,2022-02-06 07:25:47,8.5196,-81.7115,53.71,92,38,6.46
211,Poum,NC,2022-02-06 07:25:48,-20.2333,164.0167,78.57,87,100,5.84
212,Bilibino,RU,2022-02-06 07:25:48,68.0546,166.4372,-16.22,81,91,4.52
213,Naukot,PK,2022-02-06 07:25:49,24.8587,69.4024,78.62,28,0,9.19
214,High Prairie,CA,2022-02-06 07:25:14,55.4334,-116.4858,40.3,73,100,13.6
215,Samarai,PG,2022-02-06 07:25:50,-10.6167,150.6667,84.52,75,100,13.15
216,Hayesville,US,2022-02-06 07:25:50,44.986,-122.9829,43.43,85,0,1.99
217,Codrington,AU,2022-02-06 07:25:50,-38.2667,141.9667,74.86,49,100,20.0
218,Yellowknife,CA,2022-02-06 07:19:12,62.456,-114.3525,-17.88,69,0,9.22
219,Okha,RU,2022-02-06 07:25:51,53.5739,142.9478,1.8,87,100,19.8
220,Ashcroft,CA,2022-02-06 07:25:51,50.7165,-121.2859,38.62,97,100,3.96
221,Robertsport,LR,2022-02-06 07:25:52,6.7533,-11.3686,77.11,89,60,3.42
222,Lagoa,PT,2022-02-06 07:25:52,39.05,-27.9833,59.34,71,0,16.91
223,Ambon,ID,2022-02-06 07:25:53,-3.6954,128.1814,87.94,62,75,3.44
224,Orocue,CO,2022-02-06 07:25:53,4.7912,-71.3354,77.13,58,41,3.56
225,Taksimo,RU,2022-02-06 07:25:53,56.3444,114.8794,-3.28,91,100,1.92
226,Pierre,US,2022-02-06 07:23:05,44.3683,-100.351,37.27,65,20,11.01
227,Hasaki,JP,2022-02-06 07:26:54,35.7333,140.8333,46.29,30,99,14.58
228,Huarmey,PE,2022-02-06 07:26:54,-10.0681,-78.1522,69.87,86,100,7.43
229,San Quintin,MX,2022-02-06 07:26:55,30.4833,-115.95,55.0,49,0,2.86
230,Pacific Grove,US,2022-02-06 07:26:55,36.6177,-121.9166,53.15,69,0,4.0
231,Salalah,OM,2022-02-06 07:26:56,17.0151,54.0924,80.69,61,0,4.61
232,Whyalla,AU,2022-02-06 07:26:56,-33.0333,137.5833,87.69,19,6,12.66
233,Lorengau,PG,2022-02-06 07:26:57,-2.0226,147.2712,83.43,75,97,11.59
234,Prince Rupert,CA,2022-02-06 07:25:06,54.3161,-130.3201,44.29,81,100,20.71
235,Sechura,PE,2022-02-06 07:26:57,-5.5569,-80.8222,69.4,88,100,7.43
236,Oussouye,SN,2022-02-06 07:26:58,12.485,-16.5469,69.89,68,0,3.96
237,Youkounkoun,GN,2022-02-06 07:26:58,12.5333,-13.1333,67.87,49,4,2.98
238,Tougue,GN,2022-02-06 07:26:58,11.4667,-11.6,63.09,20,11,0.78
239,Agadir,MA,2022-02-06 07:26:59,30.4202,-9.5982,59.45,48,78,4.23
240,Atasu,KZ,2022-02-06 07:26:59,48.6814,71.6433,20.75,70,60,15.79
241,Kruisfontein,ZA,2022-02-06 07:27:00,-34.0033,24.7314,77.88,55,0,9.37
242,Iqaluit,CA,2022-02-06 07:27:00,63.7506,-68.5145,-34.31,73,0,3.0
243,Norman Wells,CA,2022-02-06 07:27:01,65.282,-126.8329,-18.36,69,75,2.3
244,Bima,ID,2022-02-06 07:27:01,-8.4667,118.7167,84.04,76,58,8.68
245,Abomsa,ET,2022-02-06 07:27:02,9.9833,39.9833,69.15,66,61,5.7
246,Ocean City,US,2022-02-06 07:24:55,39.2776,-74.5746,21.97,69,0,5.99
247,Ust-Kuyga,RU,2022-02-06 07:27:02,70.0167,135.6,-42.3,100,100,3.76
248,Leningradskiy,RU,2022-02-06 07:27:03,69.3833,178.4167,-22.38,98,24,3.91
249,Gornopravdinsk,RU,2022-02-06 07:27:03,60.05,69.9,20.77,90,100,2.59
250,Payson,US,2022-02-06 07:27:04,40.0444,-111.7321,32.54,69,0,3.0
251,Baykit,RU,2022-02-06 07:27:04,61.67,96.37,11.53,86,100,5.3
252,Touros,BR,2022-02-06 07:27:05,-5.1989,-35.4608,74.3,74,99,8.21
253,Bastrop,US,2022-02-06 07:27:05,32.7562,-91.8724,26.28,70,0,4.36
254,Camara De Lobos,PT,2022-02-06 07:27:06,32.6333,-16.9667,65.12,87,75,18.41
255,Kenosha,US,2022-02-06 07:27:07,42.5667,-88.0501,21.81,67,99,16.75
256,Omsukchan,RU,2022-02-06 07:27:07,62.5333,155.8,-16.33,69,11,3.38
257,Fuerte Olimpo,PY,2022-02-06 07:27:07,-21.0415,-57.8738,72.5,98,100,2.89
258,Muros,ES,2022-02-06 07:27:08,42.7762,-9.0603,44.24,87,97,11.1
259,Hauterive,FR,2022-02-06 07:27:08,46.0901,3.4459,40.75,88,62,6.76
260,Bethel,US,2022-02-06 07:27:09,41.3712,-73.414,17.49,70,0,3.44
261,Killybegs,IE,2022-02-06 07:27:09,54.6333,-8.45,41.45,76,100,29.89
262,Tombouctou,ML,2022-02-06 07:27:10,20.0,-3.0,58.95,14,0,8.84
263,Carnarvon,AU,2022-02-06 07:18:06,-24.8667,113.6333,80.4,67,10,21.14
264,Alice Town,BS,2022-02-06 07:27:10,25.7167,-79.3,74.05,66,100,12.44
265,Chuy,UY,2022-02-06 07:19:07,-33.6971,-53.4616,63.95,90,85,8.21
266,Pangnirtung,CA,2022-02-06 07:27:11,66.1451,-65.7125,-35.23,89,92,6.31
267,Laramie,US,2022-02-06 07:22:54,41.3114,-105.5911,24.53,86,75,13.8
268,Mungwi,ZM,2022-02-06 07:27:11,-10.1732,31.3694,63.01,95,100,1.43
269,Chino Valley,US,2022-02-06 07:28:12,34.7575,-112.4538,40.17,27,99,1.99
270,Fairbanks,US,2022-02-06 07:24:30,64.8378,-147.7164,6.1,81,100,0.0
271,Casino,AU,2022-02-06 07:28:12,-28.8667,153.05,75.15,57,13,13.8
272,Beyneu,KZ,2022-02-06 07:28:13,45.3167,55.2,29.89,71,100,21.03
273,Bac Lieu,VN,2022-02-06 07:28:13,9.285,105.7244,86.4,54,99,23.29
274,Dawei,MM,2022-02-06 07:28:14,14.0833,98.2,86.34,55,55,8.75
275,Havant,GB,2022-02-06 07:28:14,50.8567,-0.9856,51.08,95,100,31.0
276,Henties Bay,NA,2022-02-06 07:28:15,-22.116,14.2845,67.86,79,70,3.71
277,Nara,JP,2022-02-06 07:28:15,34.6851,135.8049,40.37,62,96,15.95
278,Katsuura,JP,2022-02-06 07:26:21,35.1333,140.3,44.11,33,36,3.36
279,Matara,LK,2022-02-06 07:24:44,5.9485,80.5353,88.29,45,97,5.59
280,Orcopampa,PE,2022-02-06 07:28:16,-15.2661,-72.3417,44.85,71,100,2.75
281,Paamiut,GL,2022-02-06 07:28:16,61.994,-49.6678,1.11,84,100,6.38
282,Cherepovets,RU,2022-02-06 07:26:02,59.1333,37.9,10.22,85,0,4.47
283,Aksha,RU,2022-02-06 07:28:17,50.2814,113.2867,21.85,70,96,9.64
284,Boa Vista,BR,2022-02-06 07:28:18,2.8197,-60.6733,78.78,73,75,10.36
285,Mumbwa,ZM,2022-02-06 07:28:18,-14.9783,27.0619,67.64,92,100,3.74
286,Holysov,CZ,2022-02-06 07:28:18,49.5936,13.1013,41.63,79,75,11.5
287,Mandurah,AU,2022-02-06 07:28:19,-32.55,115.7,80.17,68,100,17.45
288,Mount Gambier,AU,2022-02-06 07:28:19,-37.8333,140.7667,82.31,30,40,14.97
289,Pemangkat,ID,2022-02-06 07:28:20,1.1667,108.9667,83.07,76,48,8.25
290,Sao Bento Do Sul,BR,2022-02-06 07:28:20,-26.2503,-49.3786,68.23,94,95,3.18
291,Victoria,HK,2022-02-06 07:28:21,22.2855,114.1577,68.97,73,99,1.01
292,Narsaq,GL,2022-02-06 07:28:21,60.9167,-46.05,5.22,71,100,4.81
293,Karratha,AU,2022-02-06 07:28:21,-20.7377,116.8463,93.36,52,17,16.75
294,Pisco,PE,2022-02-06 07:18:55,-13.7,-76.2167,65.01,94,0,2.3
295,Adrar,MR,2022-02-06 07:28:22,20.5022,-10.0711,59.99,11,0,8.72
296,Sault Sainte Marie,CA,2022-02-06 07:25:52,46.5168,-84.3333,21.49,76,100,11.5
297,Pallasovka,RU,2022-02-06 07:28:23,50.05,46.8833,11.95,93,67,9.78
298,Ishinomaki,JP,2022-02-06 07:28:23,38.4167,141.3,33.8,61,6,25.05
299,Fortuna,US,2022-02-06 07:28:23,40.5982,-124.1573,41.92,100,0,10.36
300,Cabo San Lucas,MX,2022-02-06 07:26:45,22.8909,-109.9124,65.52,73,7,8.01
301,Chatellerault,FR,2022-02-06 07:28:24,46.8,0.5333,44.92,1,96,14.03
302,Orlik,RU,2022-02-06 07:28:24,52.5178,99.825,16.03,70,99,1.68
303,Pathein,MM,2022-02-06 07:28:25,16.7833,94.7333,87.17,44,100,13.29
304,Namatanai,PG,2022-02-06 07:28:25,-3.6667,152.4333,83.75,69,100,10.65
305,Fukue,JP,2022-02-06 07:28:26,32.6881,128.8419,41.36,52,75,13.8
306,Svetlaya,RU,2022-02-06 07:28:26,46.5389,138.3297,17.78,59,100,8.3
307,Burnie,AU,2022-02-06 07:28:26,-41.0667,145.9167,69.94,53,0,7.02
308,Mount Isa,AU,2022-02-06 07:28:27,-20.7333,139.5,92.97,24,75,4.61
309,Sao Joao Da Barra,BR,2022-02-06 07:28:27,-21.6403,-41.0511,74.52,88,0,15.03
310,Labuhan,ID,2022-02-06 07:28:28,-6.8844,112.2051,83.16,80,100,15.46
311,Tibati,CM,2022-02-06 07:28:28,6.4667,12.6333,68.5,21,12,5.77
312,Anloga,GH,2022-02-06 07:28:28,5.7947,0.8973,77.22,83,7,4.09
313,Calvia,ES,2022-02-06 07:27:54,39.5657,2.5062,51.93,87,79,3.53
314,Hami,CN,2022-02-06 07:28:29,42.8,93.45,33.46,21,100,19.66
315,Norden,DE,2022-02-06 07:29:29,53.6,7.2,46.94,97,100,1.99
316,Kungurtug,RU,2022-02-06 07:29:30,50.5994,97.5228,11.19,76,15,1.23
317,Bathsheba,BB,2022-02-06 07:24:50,13.2167,-59.5167,75.81,83,40,9.22
318,Saint George,US,2022-02-06 07:29:30,37.1041,-113.5841,40.24,36,0,3.0
319,Yairipok,IN,2022-02-06 07:29:31,24.6667,94.0667,66.06,31,2,5.68
320,Gouyave,GD,2022-02-06 07:29:31,12.1646,-61.7296,76.17,82,34,13.51
321,Orsha,BY,2022-02-06 07:29:32,54.5153,30.4053,32.32,93,100,14.05
322,Liverpool,GB,2022-02-06 07:26:26,53.4106,-2.9779,46.94,90,75,14.0
323,Portland,US,2022-02-06 07:26:00,45.5234,-122.6762,42.69,93,0,4.0
324,Kuytun,RU,2022-02-06 07:29:32,54.3419,101.5036,24.08,81,100,7.63
325,Carlagan,PH,2022-02-06 07:29:33,14.975,122.0456,78.57,79,73,16.75
326,Ballina,AU,2022-02-06 07:29:33,-28.8667,153.5667,75.38,71,40,14.97
327,Policoro,IT,2022-02-06 07:29:34,40.2115,16.6726,53.98,84,51,7.83
328,Sitka,US,2022-02-06 07:29:34,57.0531,-135.33,46.29,87,100,28.77
329,Brigantine,US,2022-02-06 07:29:34,39.4101,-74.3646,23.02,68,0,3.44
330,Mitu,CO,2022-02-06 07:29:35,1.1983,-70.1733,70.52,94,100,1.97
331,Katobu,ID,2022-02-06 07:29:35,-4.9408,122.5276,89.56,54,47,7.58
332,Te Anau,NZ,2022-02-06 07:27:12,-45.4167,167.7167,60.57,53,0,4.81
333,Narrabri,AU,2022-02-06 07:29:36,-30.3167,149.7833,81.52,34,75,13.8
334,North Bend,US,2022-02-06 07:29:36,43.4065,-124.2243,48.11,90,0,14.97
335,Itatskiy,RU,2022-02-06 07:29:37,56.07,89.0369,21.52,77,100,3.11
336,Suntar,RU,2022-02-06 07:27:21,62.1444,117.6319,8.17,94,100,3.47
337,Fort-Shevchenko,KZ,2022-02-06 07:29:37,44.5086,50.263,33.48,67,100,19.55
338,Honningsvag,NO,2022-02-06 07:29:38,70.9821,25.9704,31.95,73,86,34.96
339,Belyy Yar,RU,2022-02-06 07:29:38,53.6039,91.3903,6.69,61,31,2.24
340,Abu Dhabi,AE,2022-02-06 07:27:55,24.4667,54.3667,71.71,57,0,1.99
341,Oktyabrskiy,RU,2022-02-06 07:29:39,54.4815,53.471,22.98,89,100,2.13
342,Dingle,PH,2022-02-06 07:29:39,10.9995,122.6711,83.66,65,46,16.75
343,Ballinrobe,IE,2022-02-06 07:29:40,53.6333,-9.2333,46.09,80,100,23.82
344,Lom Sak,TH,2022-02-06 07:29:40,16.7798,101.2422,93.09,33,20,1.14
345,Whitianga,NZ,2022-02-06 07:27:15,-36.8333,175.7,73.02,99,100,1.95
346,Adelaide,AU,2022-02-06 07:29:41,-34.9333,138.6,91.17,20,0,4.0
347,Atagay,RU,2022-02-06 07:29:41,55.1033,99.3875,26.92,78,100,8.7
348,Tarime,TZ,2022-02-06 07:29:41,-1.35,34.3667,72.64,62,93,3.15
349,Caetite,BR,2022-02-06 07:29:42,-14.0694,-42.475,66.27,99,100,1.86
350,Bandundu,CD,2022-02-06 07:29:42,-3.3167,17.3667,75.33,85,87,0.76
351,Miri,MY,2022-02-06 07:29:43,4.4148,114.0089,87.94,66,40,8.05
352,Pandan,PH,2022-02-06 07:29:43,14.0453,124.1694,80.26,75,21,15.9
353,Fort Nelson,CA,2022-02-06 07:29:43,58.8053,-122.7002,6.39,78,100,2.3
354,Seymchan,RU,2022-02-06 07:29:44,62.8833,152.4333,-36.13,100,13,0.43
355,Gargzdai,LT,2022-02-06 07:29:44,55.7128,21.4033,35.38,98,100,20.6
356,Karatsu,JP,2022-02-06 07:29:45,33.4425,129.9697,41.9,25,89,3.0
357,Khash,IR,2022-02-06 07:29:45,28.2211,61.2158,56.68,44,0,8.97
358,Veraval,IN,2022-02-06 07:29:46,20.9,70.3667,75.02,46,1,4.74
359,Nyurba,RU,2022-02-06 07:29:46,63.2842,118.3319,-2.85,96,100,4.03
360,Half Moon Bay,US,2022-02-06 07:29:47,37.4636,-122.4286,55.35,73,40,4.61
361,Guerrero Negro,MX,2022-02-06 07:30:47,27.9769,-114.0611,58.44,54,0,1.52
362,Chino,US,2022-02-06 07:30:48,34.0122,-117.6889,62.46,23,20,3.0
363,Yumen,CN,2022-02-06 07:30:48,40.2833,97.2,20.75,53,100,22.46
364,Hohhot,CN,2022-02-06 07:30:49,40.8106,111.6522,30.49,27,0,6.71
365,Mecca,SA,2022-02-06 07:26:05,21.4267,39.8261,72.55,19,3,4.97
366,Ilulissat,GL,2022-02-06 07:30:49,69.2167,-51.1,1.42,42,100,13.8
367,Saldanha,ZA,2022-02-06 07:30:50,-33.0117,17.9442,75.25,56,81,9.98
368,Alice,US,2022-02-06 07:30:50,27.7523,-98.0697,36.97,83,0,0.0
369,Qingdao,CN,2022-02-06 07:30:50,36.0986,120.3719,40.6,24,0,15.66
370,Jeremie,HT,2022-02-06 07:30:51,18.65,-74.1167,73.56,68,5,6.49
371,Pangai,TO,2022-02-06 07:30:51,-19.8,-174.35,77.04,89,100,28.07
372,Phalia,PK,2022-02-06 07:30:52,32.4297,73.5775,65.79,35,54,4.56
373,Roseburg,US,2022-02-06 07:27:31,43.2165,-123.3417,44.19,88,100,0.0
374,Hay River,CA,2022-02-06 07:30:52,60.8156,-115.7999,-7.62,71,20,6.91
375,Kokopo,PG,2022-02-06 07:30:53,-4.352,152.2633,82.53,73,100,13.04
376,Araouane,ML,2022-02-06 07:30:53,18.9048,-3.5265,61.77,13,0,8.23
377,Marabba,SD,2022-02-06 07:30:54,12.35,32.1833,71.78,16,1,18.86
378,Udachnyy,RU,2022-02-06 07:30:54,66.4167,112.4,-10.55,76,99,1.81
379,Lavrentiya,RU,2022-02-06 07:30:54,65.5833,-171.0,-16.65,90,29,10.13
380,Nanyuki,KE,2022-02-06 07:30:55,0.0167,37.0728,71.89,40,98,6.55
381,Mayahi,NE,2022-02-06 07:30:55,13.9553,7.6712,64.17,15,0,18.48
382,Curuca,BR,2022-02-06 07:30:56,-0.7289,-47.8481,72.84,97,100,3.02
383,Santa Isabel,BR,2022-02-06 07:30:56,-23.3156,-46.2214,74.5,97,100,6.69
384,Arsk,RU,2022-02-06 07:30:57,56.0915,49.8778,24.58,95,100,1.39
385,Korhogo,CI,2022-02-06 07:30:57,9.45,-5.6333,71.15,16,16,3.76
386,Nishihara,JP,2022-02-06 07:30:57,26.1842,127.7558,62.65,51,75,11.5
387,Mesker-Yurt,RU,2022-02-06 07:30:58,43.2515,45.9072,30.51,38,55,3.2
388,Talnakh,RU,2022-02-06 07:30:55,69.4865,88.3972,-9.8,100,82,1.79
389,Tucurui,BR,2022-02-06 07:30:58,-3.7661,-49.6725,72.36,98,100,2.06
390,Marathon,US,2022-02-06 07:28:53,44.9,-89.7668,20.44,69,100,3.44
391,Nyimba,ZM,2022-02-06 07:30:59,-14.5566,30.8149,68.13,98,100,0.85
392,Goya,AR,2022-02-06 07:30:59,-29.14,-59.2626,62.89,75,5,5.88
393,Jardim,BR,2022-02-06 07:31:00,-21.4803,-56.1381,70.77,99,100,2.86
394,Road Town,VG,2022-02-06 07:30:06,18.4167,-64.6167,72.0,78,75,21.68
395,Sorland,NO,2022-02-06 07:31:01,67.667,12.6934,37.87,60,100,15.97
396,Broken Hill,AU,2022-02-06 07:31:01,-31.95,141.4333,83.91,21,40,20.71
397,Ust-Koksa,RU,2022-02-06 07:31:01,50.2696,85.6108,16.83,73,1,1.21
398,Manaure,CO,2022-02-06 07:31:02,11.7751,-72.4445,73.76,83,4,7.78
399,Tambovka,RU,2022-02-06 07:31:02,50.0969,128.0489,12.31,94,58,0.98
400,Kushiro,JP,2022-02-06 07:29:37,42.975,144.3747,29.35,43,75,8.05
401,Abha,SA,2022-02-06 07:31:03,18.2164,42.5053,61.05,45,3,0.0
402,Dauriya,RU,2022-02-06 07:31:03,49.9333,116.8667,-1.59,94,12,5.32
403,Karasjok,NO,2022-02-06 07:31:04,69.4719,25.5112,26.71,92,100,12.73
404,Kargil,IN,2022-02-06 07:31:05,34.5667,76.1,10.18,85,98,3.09
405,Pochutla,MX,2022-02-06 07:31:05,15.7432,-96.4661,69.82,60,7,3.27
406,Yerbogachen,RU,2022-02-06 07:32:06,61.2767,108.0108,11.17,94,100,5.32
407,Baryatino,RU,2022-02-06 07:32:06,54.3121,34.521,29.53,87,100,12.21
408,Inuvik,CA,2022-02-06 07:32:06,68.3499,-133.7218,-22.79,68,100,2.3
409,Ladario,BR,2022-02-06 07:32:07,-19.0047,-57.6017,71.47,94,49,1.77
410,Buenos Aires,AR,2022-02-06 07:28:47,-34.6132,-58.3772,58.73,83,0,6.91
411,Taltal,CL,2022-02-06 07:32:07,-25.4,-70.4833,65.39,84,18,1.28
412,Mountain Home,US,2022-02-06 07:32:08,43.133,-115.6912,26.78,100,0,3.44
413,Saint-Joseph,RE,2022-02-06 07:32:08,-21.3667,55.6167,84.58,73,100,14.5
414,Mahebourg,MU,2022-02-06 07:32:09,-20.4081,57.7,84.49,74,75,18.41
415,Northam,GB,2022-02-06 07:32:09,51.0333,-4.2167,51.91,90,100,33.11
416,Kenai,US,2022-02-06 07:32:10,60.5544,-151.2583,27.03,93,100,13.8
417,Batagay-Alyta,RU,2022-02-06 07:32:10,67.8006,130.4114,-22.76,97,100,2.21
418,Nortelandia,BR,2022-02-06 07:32:11,-14.4547,-56.8028,71.76,96,96,0.85
419,Port Hardy,CA,2022-02-06 07:32:11,50.6996,-127.4199,42.98,87,100,6.91
420,Coquimbo,CL,2022-02-06 07:31:19,-29.9533,-71.3436,60.53,94,75,3.44
421,Teahupoo,PF,2022-02-06 07:32:12,-17.8333,-149.2667,76.96,76,58,22.12
422,Ocean Springs,US,2022-02-06 07:27:54,30.4113,-88.8278,32.02,87,0,5.75
423,Vila Franca Do Campo,PT,2022-02-06 07:32:12,37.7167,-25.4333,60.19,86,97,17.16
424,Port Lincoln,AU,2022-02-06 07:28:57,-34.7333,135.8667,78.46,42,0,15.26
425,Yulara,AU,2022-02-06 07:32:13,-25.2406,130.9889,91.24,13,0,8.05
426,The Valley,AI,2022-02-06 07:28:14,18.217,-63.0578,77.09,77,92,21.68
427,Arman,RU,2022-02-06 07:32:14,59.7,150.1667,5.02,76,40,10.18
428,Rawson,AR,2022-02-06 07:32:14,-43.3002,-65.1023,60.13,56,100,10.69
429,Gat,IL,2022-02-06 07:32:15,31.61,34.7642,56.08,100,86,10.25
430,Manaus,BR,2022-02-06 07:29:43,-3.1019,-60.025,77.49,94,75,2.3
431,Banda Aceh,ID,2022-02-06 07:32:15,5.5577,95.3222,83.64,71,81,6.69
432,Bodden Town,KY,2022-02-06 07:32:16,19.2833,-81.25,76.93,72,0,21.79
433,Labytnangi,RU,2022-02-06 07:32:16,66.6572,66.4183,-15.93,100,96,2.95
434,Santa Isabel Do Rio Negro,BR,2022-02-06 07:32:16,-0.4139,-65.0192,72.97,98,100,1.79
435,Constitucion,CL,2022-02-06 07:31:20,-35.3333,-72.4167,61.25,67,0,4.88
436,Hervey Bay,AU,2022-02-06 07:30:36,-25.2986,152.8535,76.01,67,51,8.01
437,San Cristobal,VE,2022-02-06 07:32:17,7.7669,-72.225,61.45,95,24,2.89
438,Vanimo,PG,2022-02-06 07:32:18,-2.6741,141.3028,82.0,80,87,9.37
439,Haifa,IL,2022-02-06 07:29:54,32.8156,34.9892,57.2,77,20,3.44
440,Methoni,GR,2022-02-06 07:32:18,36.8197,21.7049,56.21,79,45,7.92
441,Drexel Heights,US,2022-02-06 07:32:19,32.1412,-111.0284,52.5,24,0,4.61
442,Margate,GB,2022-02-06 07:30:28,51.3813,1.3862,50.31,82,100,13.0
443,Yinchuan,CN,2022-02-06 07:32:13,38.4681,106.2731,27.64,30,100,6.04
444,Svolvaer,NO,2022-02-06 07:32:19,68.2342,14.5683,32.49,86,93,10.94
445,Gladstone,AU,2022-02-06 07:32:20,-23.85,151.25,80.53,50,100,10.36
446,Sucua,EC,2022-02-06 07:32:20,-2.4667,-78.1667,67.08,98,100,2.75
447,Aksu,CN,2022-02-06 07:32:21,41.1231,80.2644,29.37,44,100,3.36
448,Poninka,UA,2022-02-06 07:32:21,50.1849,27.5363,30.07,87,99,11.36
449,Maumere,ID,2022-02-06 07:32:22,-8.6199,122.2111,84.11,73,13,9.55
450,Yayva,RU,2022-02-06 07:32:22,59.3303,57.2641,18.18,82,99,9.1
451,Morgan City,US,2022-02-06 07:32:22,29.6994,-91.2068,36.0,100,0,0.0
452,Skoghall,SE,2022-02-06 07:32:23,59.3232,13.4655,32.56,93,28,12.66
453,Sosnovo-Ozerskoye,RU,2022-02-06 07:32:23,52.5249,111.5418,11.12,91,99,12.41
454,Jiwani,PK,2022-02-06 07:33:24,25.05,61.7417,74.53,71,0,8.32
455,Husavik,IS,2022-02-06 07:33:24,66.0449,-17.3389,28.31,73,100,21.23
456,Tall Kayf,TR,2022-02-06 07:33:25,37.0833,41.0667,44.94,33,0,11.5
457,Pervomayskoye,RU,2022-02-06 07:33:25,43.919,46.7102,38.1,44,13,11.95
458,Bluefields,NI,2022-02-06 07:33:25,12.0137,-83.7635,73.4,90,33,6.51
459,Namibe,AO,2022-02-06 07:31:06,-15.1961,12.1522,76.87,53,90,6.4
460,Akyab,MM,2022-02-06 07:33:26,20.15,92.9,76.93,40,100,16.24
461,Sibu,MY,2022-02-06 07:33:26,2.3,111.8167,89.91,66,40,1.99
462,Kosh-Agach,RU,2022-02-06 07:33:27,50.0,88.6667,-5.03,71,3,1.97
463,Strezhevoy,RU,2022-02-06 07:33:27,60.7333,77.5889,17.58,94,100,3.91
464,Acarau,BR,2022-02-06 07:31:08,-2.8856,-40.12,77.41,85,93,8.16
465,Zhangjiakou,CN,2022-02-06 07:33:28,40.81,114.8794,26.31,34,84,4.52
466,Mogocha,RU,2022-02-06 07:33:28,53.7333,119.7667,7.7,83,19,2.15
467,Altamont,US,2022-02-06 07:33:29,42.2068,-121.7372,36.77,70,0,1.01
468,Karonga,MW,2022-02-06 07:33:29,-9.9333,33.9333,77.05,70,100,4.56
469,Kavaratti,IN,2022-02-06 07:33:30,10.5669,72.642,78.37,62,7,6.51
470,Gorontalo,ID,2022-02-06 07:32:21,0.5412,123.0595,85.1,69,91,2.3
471,Hillsboro,US,2022-02-06 07:33:30,45.5229,-122.9898,42.6,87,54,2.84
472,Klaksvik,FO,2022-02-06 07:33:31,62.2266,-6.589,34.72,61,100,25.41
473,Dalvik,IS,2022-02-06 07:33:31,65.9702,-18.5286,28.33,89,100,21.52
474,Sabzevar,IR,2022-02-06 07:33:32,36.2126,57.6819,42.08,70,75,0.0
475,Areka,ET,2022-02-06 07:33:32,7.0667,37.7,78.15,24,97,4.05
476,Kaitangata,NZ,2022-02-06 07:33:33,-46.2817,169.8464,47.71,72,0,3.71
477,Jalu,LY,2022-02-06 07:33:33,29.0331,21.5482,58.19,43,8,9.53
478,Prescott,US,2022-02-06 07:33:33,34.54,-112.4685,35.69,31,39,1.99
479,Yatou,CN,2022-02-06 07:33:34,37.15,122.3833,33.24,43,100,10.56
480,Daru,PG,2022-02-06 07:33:34,-9.0763,143.2092,82.04,82,100,11.54
481,Vigrestad,NO,2022-02-06 07:33:35,58.5667,5.7,35.28,82,100,25.99
482,Abaete,BR,2022-02-06 07:29:28,-19.16,-45.4458,68.85,97,100,2.95
483,Hambantota,LK,2022-02-06 07:33:35,6.1241,81.1185,89.94,43,20,11.5
484,Sulangan,PH,2022-02-06 07:33:36,11.1373,123.7228,82.11,73,82,15.75
485,Orlovo,RU,2022-02-06 07:33:36,51.754,39.5873,16.09,94,100,8.93
486,Srandakan,ID,2022-02-06 07:33:37,-7.9386,110.2506,74.73,78,86,5.26
487,Natal,BR,2022-02-06 07:32:29,-5.795,-35.2094,77.22,88,0,3.44
488,Poya,NC,2022-02-06 07:33:37,-21.35,165.15,79.32,85,100,1.99
489,Ahipara,NZ,2022-02-06 07:33:38,-35.1667,173.1667,71.22,97,100,6.87
490,Byron Bay,AU,2022-02-06 07:33:38,-28.65,153.6167,75.31,71,86,19.98
491,Zyryanovsk,KZ,2022-02-06 07:33:38,49.7386,84.2719,7.57,79,4,1.28
492,Roald,NO,2022-02-06 07:33:39,62.5833,6.1333,36.34,80,40,16.11
493,Wanlaweyn,SO,2022-02-06 07:33:39,2.6185,44.8938,88.86,38,17,16.35
494,Solnechnyy,RU,2022-02-06 07:33:40,50.7214,136.6319,2.34,99,100,1.14
495,Jasper,US,2022-02-06 07:30:23,37.2001,-94.3502,33.85,69,0,3.0
496,Longhua,CN,2022-02-06 07:33:40,23.6137,114.1919,62.73,63,100,3.31
497,Takaka,NZ,2022-02-06 07:33:41,-40.85,172.8,61.56,81,100,13.94
498,Waipawa,NZ,2022-02-06 07:33:41,-41.4122,175.5153,56.03,81,100,10.65
499,Emba,KZ,2022-02-06 07:34:42,48.8264,58.1442,27.75,92,100,11.95
500,Basoda,IN,2022-02-06 07:34:42,23.85,77.9333,76.46,18,1,2.66
501,Tiarei,PF,2022-02-06 07:34:43,-17.5333,-149.3333,82.42,76,19,22.12
502,Pychas,RU,2022-02-06 07:34:43,56.5033,52.4409,21.06,92,98,5.08
503,Port Hedland,AU,2022-02-06 07:31:35,-20.3167,118.5667,91.45,66,6,21.85
504,Baruun-Urt,MN,2022-02-06 07:34:44,46.6806,113.2792,11.07,80,0,8.03
505,Yantongshan,CN,2022-02-06 07:34:44,43.2919,126.0094,11.91,77,95,5.06
506,Pronsk,RU,2022-02-06 07:34:44,54.1048,39.6092,17.83,94,100,9.44
507,Salinopolis,BR,2022-02-06 07:34:45,-0.6136,-47.3561,77.4,88,99,8.59
508,Porangatu,BR,2022-02-06 07:34:45,-13.4408,-49.1486,71.15,95,100,2.17
509,Saint-Leu,RE,2022-02-06 07:34:46,-21.15,55.2833,85.06,70,100,1.66
510,Kibre Mengist,ET,2022-02-06 07:34:46,5.8833,38.9833,80.29,16,100,4.09
511,Anadyr,RU,2022-02-06 07:34:47,64.75,177.4833,-10.7,70,0,6.71
512,Aasiaat,GL,2022-02-06 07:34:47,68.7098,-52.8699,-1.73,95,100,7.56
513,Carutapera,BR,2022-02-06 07:34:48,-1.195,-46.02,75.15,94,100,5.7
514,Mehamn,NO,2022-02-06 07:34:48,71.0357,27.8492,23.13,87,50,19.6
515,Fare,PF,2022-02-06 07:34:48,-16.7,-151.0167,81.61,75,100,21.23
516,Auki,SB,2022-02-06 07:34:49,-8.7676,160.7034,80.15,86,56,7.34
517,Alice Springs,AU,2022-02-06 07:34:49,-23.7,133.8833,85.55,25,0,5.75
518,Terni,IT,2022-02-06 07:34:50,42.6833,12.3167,47.05,58,5,1.16
519,Wanxian,CN,2022-02-06 07:34:50,30.8039,108.3897,41.43,97,100,5.91
520,Mega,ET,2022-02-06 07:34:50,4.05,38.3,75.52,19,99,12.06
521,Ekhabi,RU,2022-02-06 07:34:51,53.5102,142.9671,0.36,89,100,20.33
522,Tandlianwala,PK,2022-02-06 07:33:02,31.0333,73.1333,70.88,30,78,3.51
523,Mabua,PH,2022-02-06 07:34:52,9.8089,125.4422,79.27,83,25,18.3
524,Los Llanos De Aridane,ES,2022-02-06 07:34:52,28.6585,-17.9182,65.12,27,0,11.99
525,Tianpeng,CN,2022-02-06 07:34:52,30.9866,103.9393,41.47,95,100,8.77
526,Angoche,MZ,2022-02-06 07:34:53,-16.2325,39.9086,84.31,63,21,14.2
527,Ust-Maya,RU,2022-02-06 07:34:53,60.4167,134.5333,-23.57,100,100,2.82
528,Oranjemund,NA,2022-02-06 07:34:54,-28.55,16.4333,69.73,72,94,5.41
529,Beruwala,LK,2022-02-06 07:34:54,6.4788,79.9828,82.65,71,97,10.33
530,Bonthe,SL,2022-02-06 07:34:54,7.5264,-12.505,74.48,91,84,3.85
531,Ponta Delgada,PT,2022-02-06 07:33:09,37.7333,-25.6667,60.49,82,20,14.97
532,Abu Samrah,SY,2022-02-06 07:34:55,35.3029,37.1841,52.27,67,6,14.7
533,La Llanada,CO,2022-02-06 07:34:55,1.49,-77.5835,47.64,99,100,2.04
534,Marsabit,KE,2022-02-06 07:34:56,2.3284,37.9899,75.06,47,96,11.95
535,Zalantun,CN,2022-02-06 07:34:56,48.0,122.7167,14.25,60,81,12.44
536,Funadhoo,MV,2022-02-06 07:34:57,6.15,73.2667,81.12,63,72,6.24
537,Sakaiminato,JP,2022-02-06 07:34:57,35.55,133.2333,37.33,69,75,19.57
538,Raudeberg,NO,2022-02-06 07:34:58,61.9875,5.1352,36.27,84,67,8.01
539,Inta,RU,2022-02-06 07:34:58,66.0317,60.1659,-3.12,91,70,1.07
